1;1;dyrektywy_asemblera.pdf;application/x-unknown;337336;"Assembler directives - feel free to kill your self";/var/www/html/prog_inter/Proj4/files_operation/DOWNLOADS/dyrektywy_asemblera.pdf_1449938687;31.179.117.23;"2015-12-12 05:44:47pm"
2;2;ASTRUK_WYK_AGNIE-1.jpg;image/jpeg;1311839;;/var/www/html/prog_inter/Proj4/files_operation/DOWNLOADS/1449938828_ASTRUK_WYK_AGNIE-1.jpg;::1;"2015-12-12 05:47:08pm"
3;3;"Zoo Planet Free Website Template - Free-CSS.com.zip";application/zip;975582;;"/var/www/html/prog_inter/Proj4/files_operation/DOWNLOADS/1449938863_Zoo Planet Free Website Template - Free-CSS.com.zip";31.179.117.23;"2015-12-12 05:47:43pm"
4;4;FPEIE_ĆW-04.jpg;image/jpeg;1334972;;/var/www/html/prog_inter/Proj4/files_operation/DOWNLOADS/1449939769_FPEIE_ĆW-04.jpg;::1;"2015-12-12 06:02:49pm"
5;5;FPEIE_ĆW-05.jpg;image/jpeg;1324913;;/var/www/html/prog_inter/Proj4/files_operation/DOWNLOADS/1450006930_FPEIE_ĆW-05.jpg;::1;"2015-12-13 12:42:10pm"
6;6;it-icon.png;image/png;69141;;/var/www/html/prog_inter/Proj4/files_operation/DOWNLOADS/1450011878_it-icon.png;::1;"2015-12-13 02:04:38pm"
7;7;important-black.png;image/png;20982;;/var/www/html/prog_inter/Proj4/files_operation/DOWNLOADS/1450012760_important-black.png;::1;"2015-12-13 02:19:20pm"
8;8;FPEIE_ĆW-04.jpg;image/jpeg;1334972;;/var/www/html/prog_inter/Proj4/files_operation/DOWNLOADS/1450013639_FPEIE_ĆW-04.jpg;::1;"2015-12-13 02:33:59pm"
9;8;FPEIE_ĆW-07.jpg;image/jpeg;1338712;;/var/www/html/prog_inter/Proj4/files_operation/DOWNLOADS/1450013639_FPEIE_ĆW-07.jpg;::1;"2015-12-13 02:33:59pm"
10;8;FPEIE_ĆW-22.jpg;image/jpeg;470077;;/var/www/html/prog_inter/Proj4/files_operation/DOWNLOADS/1450013639_FPEIE_ĆW-22.jpg;::1;"2015-12-13 02:33:59pm"
11;9;cmp.asm;application/octet-stream;1709;"porównywanie liczb 2-bajtowych na procesorach 8051 kod ASSEMBLER";/var/www/html/prog_inter/Proj4/files_operation/DOWNLOADS/1450112465_cmp.asm;::1;"2015-12-14 06:01:05pm"
12;10;skrypHakerski.php;application/x-php;89;"bardzo grzeczny plik! nie usuwać :) ";/var/www/html/prog_inter/Proj4/files_operation/DOWNLOADS/1450114858_skrypHakerski.php;31.179.117.23;"2015-12-14 06:40:58pm"
